Model,Accuracy,Precision,Recall,F1 Score
Decision Tree,0.7674457152328859,0.7642610224165352,0.7674457152328859,0.7657632989406459
Logisitic Regression,0.7531907840212166,0.7123231681188463,0.7531907840212166,0.709283073787506
Random Forest,0.8160119343610144,0.8093340738574982,0.8160119343610144,0.8117041794863501
XGBoost,0.8327531907840212,0.8268309291561293,0.8327531907840212,0.8287231317130276
